,count,mean,std,min,1%,25%,50%,75%,99%,max,skewness,kurtosis,coefficient_of_variation
Area,13611.0,53048.284549261625,29324.095716881944,20420.0,24312.1,36328.0,44652.0,61332.0,186371.1999999999,254616.0,2.9529309714284606,10.800813973816409,0.5527812249923189
Perimeter,13611.0,855.283458599662,214.28969589196143,524.736,577.6593999999999,703.5234999999999,794.9409999999999,977.213,1654.0729000000001,1985.37,1.6261235244866195,3.588123326632573,0.2505481589025626
MajorAxisLength,13611.0,320.1418673032454,85.69418595953206,183.6011650038393,210.1582780892798,253.3036327107013,296.88336688673496,376.4950124297296,628.302071019224,738.8601534818813,1.357815283538504,2.5319020623385935,0.26767566104798357
MinorAxisLength,13611.0,202.2707140825082,44.9700912945554,122.51265345074418,144.023142750158,175.8481700385778,192.43173331431822,217.03174130329975,387.3541683247215,460.1984968278401,2.2382105396094616,6.6510668036491225,0.22232625962951644
AspectRation,13611.0,1.5832419790174213,0.24667845568492627,1.0248675960667681,1.1390275732075887,1.432306931834258,1.5511236655616438,1.7071089270344548,2.205338198823391,2.430306446836626,0.582573399224162,0.11381444057675294,0.15580590898557267
Eccentricity,13611.0,0.7508949293727165,0.09200176320337733,0.21895126335356507,0.4787670877489432,0.715927745946016,0.7644408063975098,0.8104659844897781,0.8912841627895834,0.9114229684680053,-1.0628239308013614,1.3874555963465989,0.12252281857893736
ConvexArea,13611.0,53768.20020571596,29774.91581700001,20684.0,24647.2,36714.5,45178.0,62294.0,188821.29999999993,263261.0,2.9418211110165506,10.743640152020804,0.5537644128514964
EquivDiameter,13611.0,253.064219924914,59.17712014913515,161.24376423134018,175.94069062069698,215.06800343677347,238.4380258086249,279.4464667024921,487.1295188967473,569.3743583287609,1.9489576095229233,5.192057256162549,0.2338423036124721
Extent,13611.0,0.7497327873591233,0.04908636684603899,0.55531471681117,0.6027388716786004,0.7186335273474764,0.7598589479870702,0.7868514965939105,0.8260425785012973,0.8661946405648266,-0.8953484282439236,0.6433188439711897,0.06547181565707161
Solidity,13611.0,0.9871428435681517,0.004660379163490263,0.9192461570857022,0.9698151632581643,0.9856703983135917,0.9882829984991706,0.9900131099788995,0.9930068648295133,0.9946774999456888,-2.5500931076087867,12.799620974894447,0.004721078812307181
roundness,13611.0,0.8732818313104205,0.05951988794823966,0.4896182562412148,0.7193461245085282,0.8320963290133829,0.8831572891730107,0.9168688330108123,0.9732307419466634,0.9906853996160323,-0.6357489499307082,0.37430633319783535,0.06815656276614149
Compactness,13611.0,0.7998636818716444,0.06171346312041559,0.6405767589768725,0.6713588067464109,0.7624687469949659,0.8012766840140727,0.8342699107881788,0.9362121640089208,0.9873029693778109,0.03711545824042349,-0.2234594687233833,0.07715497592790926
ShapeFactor1,13611.0,0.006563608510069212,0.0011279982276084996,0.0027780126683855494,0.0033136072528904613,0.005899917411582092,0.0066451744589910485,0.007271420159446909,0.00887163355985628,0.010451169324378654,-0.5341405429848687,0.7143548168569849,0.17185641493974554
ShapeFactor2,13611.0,0.0017159473344485743,0.0005958748567323859,0.0005641690180332927,0.0007468225868222904,0.0011535202279788705,0.001693530977356598,0.0021702683011547387,0.003051893241316476,0.0036649719644516834,0.30122592966591644,-0.8592542148440145,0.347257077632789
ShapeFactor3,13611.0,0.6435901812933447,0.09899615048070137,0.41033858414131424,0.450722647408228,0.581358590523898,0.642044324344588,0.6960062840466322,0.8764932160770715,0.9747671533422431,0.24248092669352575,-0.1444750361132181,0.15381861525879853
ShapeFactor4,13611.0,0.9950633118262984,0.0043664577487279995,0.9476874027098624,0.9785275374349507,0.9937028954563084,0.9963859376796506,0.9978825430406695,0.9993641680585705,0.9997325300471389,-2.7594829116803807,13.038067127932232,0.004388120531460438
