feature,anova_f,p_value,eta_squared
Area,29017.51046189067,0.0,0.9275261417901194
ConvexArea,28961.791216713737,0.0,0.9273968333726496
EquivDiameter,25444.547793907506,0.0,0.9181819046161924
Perimeter,24283.663708139076,0.0,0.914604587925953
MinorAxisLength,22442.38638169418,0.0,0.9082412362632168
MajorAxisLength,21622.237935955844,0.0,0.9050910831435447
ShapeFactor2,12329.883852509178,0.0,0.8446735905572216
ShapeFactor1,12081.321126816885,0.0,0.841982860509305
AspectRation,10376.979153486951,0.0,0.8206835416558491
Compactness,10166.117904063245,0.0,0.8176424799484658
ShapeFactor3,9900.437838502705,0.0,0.8136607517257239
Eccentricity,8276.744013926571,0.0,0.7849661702337045
roundness,6156.430312734663,0.0,0.7308408178817242
ShapeFactor4,1255.1053001644948,0.0,0.3563171514838106
Solidity,631.7244705088016,0.0,0.21790682119949134
Extent,422.3023204948913,0.0,0.15701097652160376
