trial_id,status,validation_accuracy,l2_strength,dropout_rate,hidden_layers,batch_normalization,units_1,learning_rate,units_2,units_3
10,COMPLETED,0.9310684204101562,0.001,0.4,1,True,256,0.001,32,128.0
00,COMPLETED,0.9305760860443115,0.0001,0.1,2,False,256,0.0003,32,
09,COMPLETED,0.9295913577079773,1e-05,0.1,1,True,256,0.0003,32,32.0
01,COMPLETED,0.9286065697669983,0.0001,0.1,2,False,256,0.001,256,
07,COMPLETED,0.9286065697669983,1e-05,0.25,3,True,256,0.0003,32,64.0
04,COMPLETED,0.9281142354011536,0.001,0.4,1,False,64,0.003,64,
08,COMPLETED,0.9256523847579956,0.0001,0.1,2,False,256,0.003,256,128.0
02,COMPLETED,0.9251599907875061,1e-05,0.4,1,True,32,0.0003,64,
05,COMPLETED,0.9251599907875061,0.0001,0.4,3,False,64,0.001,32,32.0
11,COMPLETED,0.9226981997489929,1e-05,0.4,3,True,32,0.003,128,128.0
06,COMPLETED,0.9217134714126587,0.0001,0.4,1,True,32,0.0003,32,32.0
03,COMPLETED,0.9133431911468506,0.001,0.25,2,False,32,0.0001,128,
