feature,iqr_outliers,percentage
Area,551,4.048196311806627
Perimeter,500,3.673499375505106
MajorAxisLength,379,2.7845125266328705
MinorAxisLength,569,4.1804422893248105
AspectRation,473,3.475130409227831
Eccentricity,843,6.193519947101609
ConvexArea,550,4.040849313055617
EquivDiameter,526,3.864521343031372
Extent,275,2.0204246565278083
Solidity,778,5.715965028285945
roundness,91,0.6685768863419294
Compactness,109,0.8008228638601131
ShapeFactor1,533,3.9159503342884436
ShapeFactor2,0,0.0
ShapeFactor3,195,1.4326647564469914
ShapeFactor4,767,5.635148042024833
