feature,mean_accuracy_drop,std_accuracy_drop
roundness,0.19817913385826771,0.004552276192167018
ShapeFactor1,0.14670275590551185,0.00720460040578094
ShapeFactor4,0.08823818897637802,0.004714887696235158
AspectRation,0.06368110236220473,0.00462354042780913
Compactness,0.05255905511811025,0.00517083682541877
Area,0.04931102362204727,0.003204492243326708
ShapeFactor3,0.0472933070866142,0.003656701753651452
Perimeter,0.04306102362204728,0.005255747816141984
ShapeFactor2,0.0397145669291339,0.004065131420662011
MajorAxisLength,0.036466535433070914,0.004191585950171412
ConvexArea,0.03459645669291343,0.00396459331911866
MinorAxisLength,0.03415354330708666,0.0021033228903969262
EquivDiameter,0.025295275590551246,0.002717359480426328
Solidity,0.02465551181102369,0.0024926827491772124
Eccentricity,0.019832677165354407,0.002784368236716392
Extent,0.003937007874015741,0.0019270571070325966
