,Area,Perimeter,MajorAxisLength,MinorAxisLength,AspectRation,Eccentricity,ConvexArea,EquivDiameter,Extent,Solidity,roundness,Compactness,ShapeFactor1,ShapeFactor2,ShapeFactor3,ShapeFactor4
Area,1.0,0.9916445616877394,0.9551797010300841,0.850152091317316,0.5158507147577007,0.5158507147577007,0.9999307371115936,1.0,-0.025723076265737502,-0.2875549380703541,-0.6580490920287627,-0.5212723308691058,-0.8430180898000639,-0.831775948282332,-0.5212723308691058,-0.5191451683559375
Perimeter,0.9916445616877394,1.0,0.9714321310836425,0.803430099582959,0.5710683662935397,0.5710683662935397,0.9925056713687536,0.9916445616877394,-0.05776282475289863,-0.3521764397363962,-0.7325763264260389,-0.5765514779384452,-0.7952764155473704,-0.8689821613015464,-0.5765514779384452,-0.5571396556032475
MajorAxisLength,0.9551797010300841,0.9714321310836425,1.0,0.6760517043505748,0.7157365579025384,0.7157365579025384,0.9558550469050716,0.9551797010300841,-0.09023932449682298,-0.33493578698710547,-0.771618245560358,-0.7202671935980784,-0.6662529501153244,-0.9519030896570226,-0.7202671935980784,-0.6145760650450373
MinorAxisLength,0.850152091317316,0.803430099582959,0.6760517043505748,1.0,0.03840845905675564,0.03840845905675564,0.848974074539231,0.850152091317316,0.119650765743169,-0.11870780154509133,-0.2702682232311863,-0.044632074447933205,-0.9994794905187598,-0.4370782973899356,-0.044632074447933205,-0.25036971861775015
AspectRation,0.5158507147577007,0.5710683662935397,0.7157365579025384,0.03840845905675564,1.0,1.0,0.5176247177586832,0.5158507147577007,-0.23369440264138278,-0.3564380655798011,-0.8094908926796377,-0.9997049659839027,-0.02457820055172667,-0.8720787131981518,-0.9997049659839027,-0.6161053381105425
Eccentricity,0.5158507147577007,0.5710683662935397,0.7157365579025384,0.03840845905675564,1.0,1.0,0.5176247177586832,0.5158507147577007,-0.23369440264138278,-0.3564380655798011,-0.8094908926796377,-0.9997049659839027,-0.02457820055172667,-0.8720787131981518,-0.9997049659839027,-0.6161053381105425
ConvexArea,0.9999307371115936,0.9925056713687536,0.9558550469050716,0.848974074539231,0.5176247177586832,0.5176247177586832,1.0,0.9999307371115936,-0.027815571847731934,-0.2958946799002625,-0.6623804197285924,-0.5231717403959949,-0.8416340398860976,-0.8331116250973811,-0.5231717403959949,-0.5235298361618116
EquivDiameter,1.0,0.9916445616877394,0.9551797010300841,0.850152091317316,0.5158507147577007,0.5158507147577007,0.9999307371115936,1.0,-0.025723076265737502,-0.2875549380703541,-0.6580490920287627,-0.5212723308691058,-0.8430180898000639,-0.831775948282332,-0.5212723308691058,-0.5191451683559375
Extent,-0.025723076265737502,-0.05776282475289863,-0.09023932449682298,0.119650765743169,-0.23369440264138278,-0.23369440264138278,-0.027815571847731934,-0.025723076265737502,1.0,0.22303631914034738,0.2573133620784901,0.23366184006818244,-0.1245078783518026,0.15637310352022976,0.23366184006818244,0.1196051482754216
Solidity,-0.2875549380703541,-0.3521764397363962,-0.33493578698710547,-0.11870780154509133,-0.3564380655798011,-0.3564380655798011,-0.2958946799002625,-0.2875549380703541,0.22303631914034738,1.0,0.6440080853485504,0.36546978165692334,0.10434019038507857,0.3734234008089769,0.36546978165692334,0.550786596888795
roundness,-0.6580490920287627,-0.7325763264260389,-0.771618245560358,-0.2702682232311863,-0.8094908926796377,-0.8094908926796377,-0.6623804197285924,-0.6580490920287627,0.2573133620784901,0.6440080853485504,1.0,0.812873928152966,0.25666881989403634,0.845857936047259,0.812873928152966,0.6321121280766533
Compactness,-0.5212723308691058,-0.5765514779384452,-0.7202671935980784,-0.044632074447933205,-0.9997049659839027,-0.9997049659839027,-0.5231717403959949,-0.5212723308691058,0.23366184006818244,0.36546978165692334,0.812873928152966,1.0,0.030360122888447583,0.875501326850773,1.0,0.6304539293816123
ShapeFactor1,-0.8430180898000639,-0.7952764155473704,-0.6662529501153244,-0.9994794905187598,-0.02457820055172667,-0.02457820055172667,-0.8416340398860976,-0.8430180898000639,-0.1245078783518026,0.10434019038507857,0.25666881989403634,0.030360122888447583,1.0,0.4247884758047721,0.030360122888447583,0.22907933639535777
ShapeFactor2,-0.831775948282332,-0.8689821613015464,-0.9519030896570226,-0.4370782973899356,-0.8720787131981518,-0.8720787131981518,-0.8331116250973811,-0.831775948282332,0.15637310352022976,0.3734234008089769,0.845857936047259,0.875501326850773,0.4247884758047721,1.0,0.875501326850773,0.6651697119180774
ShapeFactor3,-0.5212723308691058,-0.5765514779384452,-0.7202671935980784,-0.044632074447933205,-0.9997049659839027,-0.9997049659839027,-0.5231717403959949,-0.5212723308691058,0.23366184006818244,0.36546978165692334,0.812873928152966,1.0,0.030360122888447583,0.875501326850773,1.0,0.6304539293816123
ShapeFactor4,-0.5191451683559375,-0.5571396556032475,-0.6145760650450373,-0.25036971861775015,-0.6161053381105425,-0.6161053381105425,-0.5235298361618116,-0.5191451683559375,0.1196051482754216,0.550786596888795,0.6321121280766533,0.6304539293816123,0.22907933639535777,0.6651697119180774,0.6304539293816123,1.0
